English name,Chinese name,email domain
Caritas Bianchi College of Careers,明愛白英奇專業學校,mail.cbcc.edu.hk
Centennial College,明德學院,centennialcollege.hku.hk
City University of Hong Kong,香港城市大學,my.cityu.edu.hk
Gratia Christian College,宏恩基督教學院,gratia.edu.hk
HKCT Institute of Higher Education,港專學院,hkct.edu.hk
HKU SPACE Po Leung Kuk Stanley Ho Community College,香港大學專業進修學院保良局何鴻燊社區書院,hkuspace-plk.hku.hk
Hong Kong Academy for Performing Arts,香港演藝學院,hkapa.edu
Hong Kong Adventist College,香港三育書院,hkac.edu
Hong Kong Art School,香港藝術學院,hkac.org.hk
Hong Kong Baptist University,香港浸會大學,life.hkbu.edu.hk
Hong Kong Chu Hai College,香港珠海學院,chuhai.edu.hk
Hong Kong Institute of Technology,香港科技專上書院,hkit.edu.hk
Hong Kong Metropolitan University,香港都會大學,live.hkmu.edu.hk
Hong Kong Shue Yan University,香港樹仁大學,hksyu.edu.hk
Technological and Higher Education Institute of Hong Kong (Chai Wan Campus),香港高等教育科技學院 (柴灣校園),thei.edu.hk
The Education University of Hong Kong,香港教育大學,s.eduhk.hk
The Hang Seng University of Hong Kong,香港恒生大學,hsu.edu.hk
The Hong Kong Polytechnic University,香港理工大學,connect.polyu.hk
The Hong Kong University of Science and Technology,香港科技大學,connect.ust.hk
The University of Hong Kong,香港大學,connect.hku.hk
Tung Wah College,東華學院,twc.edu.hk
Yew Chung College of Early Childhood Education,耀中幼教學院,yccece.edu.hk
YMCA College of Careers,青年會專業書院,coc.cymca.edu.hk
The Chinese University of Hong Kong,香港中文大學,link.cuhk.edu.hk
Saint Francis University,聖方濟各大學,mail.sfu.edu.hk
Lingnan University,嶺南大學,ln.hk
American International School,美國國際學校,ais.edu.hk
American School Hong Kong,American School Hong Kong,ashk.edu.hk
Australian International School Hong Kong,香港澳洲國際學校,aishk.edu.hk
Canadian International School of Hong Kong,香港加拿大國際學校,cdnis.edu.hk
Carmel School (Borrett Road Campus),香港猶太教國際學校 (波老道校舍),carmel.edu.hk
Chinese International School,漢基國際學校,cis.edu.hk
Christian Alliance International School,宣道國際學校,caisbv.edu.hk
Christian Alliance P.C. Lau Memorial International School,宣道會劉平齋紀念國際學校,capcl.edu.hk
Concordia International School Hong Kong,協同國際學校,concordiaintl.edu.hk
Creative Secondary School,啟思中學,css.edu.hk
Delia Memorial School (Glee Path),地利亞修女紀念學校 (吉利徑),deliagroup.edu.hk
Diocesan Boys' School,拔萃男書院,dbs.edu.hk
Diocesan Boys' School,拔萃男書院,g.dbs.edu.hk
Diocesan Girls' School,拔萃女書院,dgs.edu.hk
Discovery Bay International School,愉景灣國際學校,dbis.edu.hk
Discovery College (ESF),(英基學校) 智新書院,dc.edu.hk
DSC International School,德思齊加拿大國際學校,dsc.edu.hk
ELCHK Lutheran Academy,基督教香港信義會宏信書院,luac.edu.hk
French International School (French Section) (Blue Pool Road Campus),法國國際學校 (法文部) (藍塘道校舍),lfis.edu.hk
G.T. (Ellen Yeung) College,優才(楊殷有娣)書院,gtcollege.edu.hk
German Swiss International School (English Stream) (Peak Campus),德瑞國際學校 (英文部) (山頂校舍),gsis.edu.hk
Harrow International School Hong Kong,哈羅香港國際學校,harrowschool.hk
HKBU Hong Kong Baptist University Affiliated School Wong Kam Fai Secondary and Primary School,香港浸會大學附屬學校王錦輝中小學,hkbuas.edu.hk
HKFYG Lee Shau Kee College,香港青年協會李兆基書院,hlc.edu.hk
HKU Graduate Association College,港大同學會書院,hkugac.edu.hk
Hong Kong Academy,香港學堂國際學校,hkacademy.edu.hk
Hong Kong International School (Repulse Bay Campus),香港國際學校 (淺水灣校舍),hkis.edu.hk
Hong Kong Japanese School (Japanese Section),香港日本人學校 (日文部),jis.edu.hk
International Christian Quality Music Secondary and Primary School,國際基督教優質音樂中學暨小學,icqm.edu.hk
International Christian School,基督教國際學校,ics.edu.hk
International College Hong Kong (New Territories),International College Hong Kong (New Territories),ichk.edu.hk
Island School (ESF),(英基學校) 港島中學,online.island.edu.hk
Japanese International School,香港日本人學校 (英文部),es.jis.edu.hk
Jockey Club Sarah Roe School (ESF),(英基學校) 賽馬會善樂學校,jcsrs.edu.hk
Kellett School (Kowloon Bay Campus),啟歷學校 (九龍灣校舍),kellettschool.com
Kiangsu-Chekiang College and Primary School (Braemar Hill Road Campus),蘇浙小學校及蘇浙公學 (寶馬山道校舍),kccis.hk
King George V School (ESF),(英基學校) 英皇佐治五世學校,kgv.edu.hk
Kingston International School,京斯敦國際學校,kingston.edu.hk
Korean International School (English Section),韓國國際學校 (英文部),kis.edu.hk
Lantau International School (Cheung Sha Campus),大嶼山國際學校 (長沙校舍),lis.edu.hk
Li Po Chun United World College of Hong Kong,香港李寶椿聯合世界書院,lpcuwc.edu.hk
Malvern College Hong Kong,香港墨爾文國際學校,malverncollege.org.hk
"Nord Anglia International School, Hong Kong (Kwun Tong Campus)","Nord Anglia International School, Hong Kong (Kwun Tong Campus)",nais.hk
Norwegian International School,Norwegian International School,nis.edu.hk
Po Leung Kuk Choi Kai Yau School,保良局蔡繼有學校,cky.edu.hk
Po Leung Kuk Ngan Po Ling College,保良局顏寶鈴書院,home.npl.edu.hk
Pui Kiu College,培僑書院,puikiu.edu.hk
Renaissance College Hong Kong,(英基學校) 啟新書院,rchk.edu.hk
Sear Rogers International School,弘爵國際學校,sris.edu.hk
Sha Tin College (ESF),(英基學校) 沙田學院,shatincollege.edu.hk
Shrewsbury International School Hong Kong,思貝禮國際學校,shrewsbury.edu.hk
Singapore International School (Hong Kong) (Nam Long Shan Road Campus),新加坡國際學校 (南朗山道校舍),singapore.edu.hk
South Island School (ESF),(英基學校) 南島中學,sis.edu.hk
St. Paul's Co-educational College,聖保羅男女中學,spcc.edu.hk
St. Paul's College,聖保羅書院,spc.edu.hk
St. Paul's Convent School,聖保祿學校,spcs.edu.hk
St. Stephen's College,聖士提反書院,ssc.edu.hk
Stewards Pooi Kei College,香港神託會培基書院,spkc.edu.hk
The Harbour School (Ap Lei Chau Centre Campus),港灣學校 (鴨脷洲中心校舍),theharbourschool.edu.hk
The HKCCCU Logos Academy,香港華人基督教聯會真道書院,logosacademy.edu.hk
The International Montessori School (Aldrich Bay Campus),蒙特梭利國際學校 (愛秩序灣校舍),ims.edu.hk
The ISF Academy,弘立書院,isf.edu.hk
Tsung Tsin Christian Academy,基督教崇真中學,ttca.edu.hk
United Christian College (East Kowloon),滙基書院 (東九龍),uccke.edu.hk
Victoria Shanghai Academy,滬江維多利亞學校,vsa.edu.hk
West Island School (ESF),(英基學校) 西島中學,wis.edu.hk
Y.K. Pao School Hong Kong,香港包玉剛學校,ykpaoschool.edu.hk
Yew Chung International School (11-13 Kent Road Campus),耀中國際學校 (根德道11-13號校舍),hk.ycef.com
YMCA of Hong Kong Christian College,港青基信書院,yhkcc.edu.hk
Aberdeen Baptist Lui Ming Choi College,香港仔浸信會呂明才書院,ablmcc.edu.hk
Aberdeen Technical School,香港仔工業學校,ats.edu.hk
Academy of Innovation (Confucius Hall),孔聖堂禮仁書院,aich.edu.hk
AD&FD POHL Leung Sing Tak College,博愛醫院歷屆總理聯誼會梁省德中學,lstc.edu.hk
Baptist Lui Ming Choi Secondary School,浸信會呂明才中學,blmcss.edu.hk
Baptist Wing Lung Secondary School,浸信會永隆中學,bwlss.edu.hk
Bethel High School,伯特利中學,bethel.edu.hk
Bishop Hall Jubilee School,何明華會督銀禧中學,bhjs.edu.hk
Buddhist Fat Ho Memorial College,佛教筏可紀念中學,eclass.bfhmc.edu.hk
Buddhist Ho Nam Kam College,佛教何南金中學,bhnkc.edu.hk
Buddhist Hung Sean Chau Memorial College,佛教孔仙洲紀念中學,bhscmc.edu.hk
Buddhist Mau Fung Memorial College,佛教茂峰法師紀念中學,bmf.edu.hk
Buddhist Sin Tak College,佛教善德英文中學,eclass.bstc.edu.hk
Buddhist Sum Heung Lam Memorial College,佛教沈香林紀念中學,bsc.edu.hk
Buddhist Tai Hung College,佛教大雄中學,mail.bthc.edu.hk
Buddhist Tai Kwong Chi Hong College,佛教大光慈航中學,btkchc.edu.hk
Buddhist Wong Fung Ling College,佛教黃鳳翎中學,bwflc.edu.hk
Buddhist Wong Wan Tin College,佛教黃允畋中學,bwwtc.edu.hk
Buddhist Yip Kei Nam Memorial College,佛教葉紀南紀念中學,ykn.edu.hk
Canossa College,嘉諾撒書院,canossa.edu.hk
Caritas Chai Wan Marden Foundation Secondary School,明愛柴灣馬登基金中學,ccmss.edu.hk
Caritas Chong Yuet Ming Secondary School,明愛莊月明中學,ccym.edu.hk
Caritas Fanling Chan Chun Ha Secondary School,明愛粉嶺陳震夏中學,cfs.edu.hk
Caritas Ma On Shan Secondary School,明愛馬鞍山中學,cmos.edu.hk
Caritas St. Joseph Secondary School,明愛聖若瑟中學,csjss.edu.hk
Caritas Tuen Mun Marden Foundation Secondary School,明愛屯門馬登基金中學,tmmarden.edu.hk
Caritas Wu Cheng-Chung College,明愛胡振中書院,cwcc.edu.hk
Caritas Yuen Long Chan Chun Ha Secondary School,明愛元朗陳震夏中學,cys.edu.hk
Carmel Alison Lam Foundation Secondary School,迦密愛禮信中學,calfss.edu.hk
Carmel Bunnan Tong Memorial Secondary School,迦密唐賓南紀念中學,cbt.edu.hk
Carmel Divine Grace Foundation Secondary School,迦密主恩中學,school.cdgfss.edu.hk
Carmel Holy Word Secondary School,迦密聖道中學,chw.edu.hk
Carmel Pak U Secondary School,迦密柏雨中學,cpu.edu.hk
Carmel Secondary School,迦密中學,carmelss.edu.hk
Catholic Ming Yuen Secondary School,天主教鳴遠中學,mingyuen.edu.hk
CCC Chuen Yuen College,中華基督教會全完中學,chuenyuen.edu.hk
CCC Fong Yun Wah Secondary School,中華基督教會方潤華中學,fywss.edu.hk
CCC Fung Leung Kit Memorial Secondary School,中華基督教會馮梁結紀念中學,flk.edu.hk
CCC Heep Woh College,中華基督教會協和書院,ccchwc.edu.hk
CCC Hoh Fuk Tong College,中華基督教會何福堂書院,hftc.edu.hk
CCC Kei Chi Secondary School,中華基督教會基智中學,keichi.edu.hk
CCC Kei Heep Secondary School,中華基督教會基協中學,keiheep.edu.hk
CCC Kei Long College,中華基督教會基朗中學,keilong.edu.hk
CCC Kei San Secondary School,中華基督教會基新中學,ks.edu.hk
CCC Kei To Secondary School,中華基督教會基道中學,ccckeito.edu.hk
CCC Kei Yuen College,中華基督教會基元中學,ccckyc.edu.hk
CCC Kung Lee College,中華基督教會公理書院,cccklc.edu.hk
CCC Kwei Wah Shan College,中華基督教會桂華山中學,ccckws.edu.hk
CCC Ming Kei College,中華基督教會銘基書院,cccmkc.edu.hk
CCC Ming Yin College,中華基督教會銘賢書院,cccmyc.edu.hk
CCC Mong Man Wai College,中華基督教會蒙民偉書院,cccmmwc.edu.hk
CCC Rotary Secondary School,中華基督教會扶輪中學,rotary.edu.hk
CCC Tam Lee Lai Fun Memorial Secondary School,中華基督教會譚李麗芬紀念中學,tllf.edu.hk
CCC Yenching College,中華基督教會燕京書院,yenching.edu.hk
Chan Sui Ki (La Salle) College,陳瑞祺（喇沙）書院,csklsc.edu.hk
Cheng Chek Chee Secondary School of SK & HH District N.T.,新界西貢坑口區鄭植之中學,cccss.edu.hk
Cheung Chau Government Secondary School,長洲官立中學,ccgss.edu.hk
Cheung Chuk Shan College,張祝珊英文中學,live.ccsc.edu.hk
Cheung Sha Wan Catholic Secondary School,長沙灣天主教英文中學,cswcss.edu.hk
Chi Lin Buddhist Secondary School,佛教志蓮中學,clbss.edu.hk
China Holiness Church Living Spirit College,中華聖潔會靈風中學,lsc.edu.hk
China Holiness College,中聖書院,chc.edu.hk
Chinese Y.M.C.A. College,青年會書院,cymcac.edu.hk
Chinese Y.M.C.A. Secondary School,中華基督教青年會中學,cymcass.edu.hk
Ching Chung Hau Po Woon Secondary School,青松侯寶垣中學,cchpwss.edu.hk
Chiu Chow Association Secondary School,潮州會館中學,ccass.edu.hk
Choi Hung Estate Catholic Secondary School,彩虹邨天主教英文中學,choihung.edu.hk
Choi Hung Estate Catholic Secondary School,彩虹邨天主教英文中學,student.choihung.edu.hk
Chong Gene Hang College,張振興伉儷書院,cghc.edu.hk
Christ College,基督書院,christcollege.edu.hk
Christian & Missionary Alliance Sun Kei Secondary School,基督教宣道會宣基中學,skss.edu.hk
Christian Alliance Cheng Wing Gee College,香港九龍塘基督教中華宣道會鄭榮之中學,teacher.cwgc.edu.hk
Christian Alliance Cheng Wing Gee College,香港九龍塘基督教中華宣道會鄭榮之中學,student.cwgc.edu.hk
Christian Alliance College,宣道中學,cactm.edu.hk
Christian Alliance S W Chan Memorial College,宣道會陳朱素華紀念中學,caswcmc.edu.hk
Christian Alliance S. C. Chan Memorial College,香港九龍塘基督教中華宣道會陳瑞芝紀念中學,scc.edu.hk
Chung Sing Benevolent Society Mrs. Aw Boon Haw Secondary School,鐘聲慈善社胡陳金枝中學,csbs.edu.hk
CMA Choi Cheung Kok Secondary School,廠商會蔡章閣中學,cmacck.edu.hk
CMA Secondary School,廠商會中學,cmass.edu.hk
CNEC Christian College,中華傳道會安柱中學,cneccc.edu.hk
CNEC Lau Wing Sang Secondary School,中華傳道會劉永生中學,lws.edu.hk
CNEC Lee I Yao Memorial Secondary School,中華傳道會李賢堯紀念中學,vclass.liymss.edu.hk
Cognitio College (HK),文理書院（香港）,cognitiohk.edu.hk
Cognitio College (Kowloon),文理書院（九龍）,cckln.edu.hk
Concordia Lutheran School,路德會協同中學,cls.edu.hk
Concordia Lutheran School - North Point,北角協同中學,clsnp.edu.hk
Confucian Tai Shing Ho Kwok Pui Chun College,孔教學院大成何郭佩珍中學,ctshkpcc.net
Cotton Spinners Association Secondary School,棉紡會中學,csa.edu.hk
CUHK FAA Thomas Cheung Secondary School,香港中文大學校友會聯會張煊昌中學,tcss.edu.hk
CUHKFAA Chan Chun Ha Secondary School,香港中文大學校友會聯會陳震夏中學,cch.edu.hk
Cumberland Presbyterian Church Yao Dao Secondary School,金巴崙長老會耀道中學,cpcydss.edu.hk
Daughters of Mary Help of Christians Siu Ming Catholic Secondary School,天主教母佑會蕭明中學,dmhcsm.edu.hk
De La Salle Secondary School NT,新界喇沙中學,delasalle.edu.hk
ECF Saint Too Canaan College,基督教中國佈道會聖道迦南書院,stcc.edu.hk
ELCHK Lutheran Secondary School,基督教香港信義會信義中學,lss.edu.hk
Evangel College,播道書院,evangel.edu.hk
Fanling Kau Yan College,粉嶺救恩書院,fkyc.edu.hk
Fanling Lutheran Secondary School,基督教香港信義會心誠中學,flss.edu.hk
Fanling Rhenish Church Secondary School,粉嶺禮賢會中學,frcss.edu.hk
FDBWA Szeto Ho Secondary School,五邑司徒浩中學,szetoho.edu.hk
Fortress Hill Methodist Secondary School,炮台山循道衛理中學,fhms.edu.hk
Fukien Secondary School,福建中學,fms.edu.hk
Fukien Secondary School (Siu Sai Wan),福建中學（小西灣）,fss.edu.hk
Fung Kai Liu Man Shek Tong Secondary School,鳳溪廖萬石堂中學,fklmstss.edu.hk
Fung Kai No. 1 Secondary School,鳳溪第一中學,fk1ss.edu.hk
GCC&ITKD Lau Pak Lok Secondary School,東莞工商總會劉百樂中學,lplss.edu.hk
Gertrude Simon Lutheran College,路德會西門英才中學,mail.gslc.edu.hk
Good Hope School,德望學校,ghs.edu.hk
Heep Yunn School,協恩中學,hys.edu.hk
Helen Liang Memorial Secondary School (Shatin),梁文燕紀念中學（沙田）,mail.hlmssst.edu.hk
Henrietta Secondary School,顯理中學,henrietta.edu.hk
Heung To Middle School,香島中學,heungto.edu.hk
Heung To Middle School (Tin Shui Wai),天水圍香島中學,heungto.net
Heung To Secondary School (Tseung Kwan O),將軍澳香島中學,htss.edu.hk
HHCKLA Buddhist Ching Kok Secondary School,香海正覺蓮社佛教正覺中學,bckss.edu.hk
HHCKLA Buddhist Leung Chik Wai College,香海正覺蓮社佛教梁植偉中學,blcwc.edu.hk
HHCKLA Buddhist Ma Kam Chan Memorial English Secondary School,香海正覺蓮社佛教馬錦燦紀念英文中學,bmkc.edu.hk
HK & KLN Chiu Chow Public Assn. Sec. School,港九潮州公會中學,ccpass.edu.hk
HK & KLN Kaifong Women's Association Sun Fong Chung College,港九街坊婦女會孫方中書院,sunfc.edu.hk
HKCWC Fung Yiu King Memorial Secondary School,香港中國婦女會馮堯敬紀念中學,fyk.edu.hk
HKFEW Wong Cho Bau Secondary School,香港教育工作者聯會黃楚標中學,wcbss.edu.hk
HKICC Lee Shau Kee School of Creativity,香港兆基創意書院 (李兆基基金會贊助、香港當代文化中心主辦),creativehk.edu.hk
HKMA David Li Kwok Po College,香港管理專業協會李國寶中學,hkmadavidli.edu.hk
HKMLC Queen Maud Secondary School,港澳信義會慕德中學,qmss.edu.hk
HKSKH Bishop Hall Secondary School,香港聖公會何明華會督中學,go.bhss.edu.hk
HKSYC & IA Chan Nam Chong Memorial College,香港四邑商工總會陳南昌紀念中學,cnc.edu.hk
HKSYC & IA Wong Tai Shan Memorial College,香港四邑商工總會黃棣珊紀念中學,wtsmc.edu.hk
HKTA The Yuen Yuen Institute No. 1 Secondary School,香港道教聯合會圓玄學院第一中學,yy1.edu.hk
HKWMA Chu Shek Lun Secondary School,香港布廠商會朱石麟中學,chusheklun.edu.hk
Ho Dao College (Sponsored by Sik Sik Yuen),可道中學（嗇色園主辦）,hodao.edu.hk
Ho Fung College (Sponsored by Sik Sik Yuen),可風中學（嗇色園主辦）,hofung.edu.hk
Ho Lap College (Sponsored by the Sik Sik Yuen),可立中學（嗇色園主辦）,holap.edu.hk
Ho Ngai College (Sponsored by Sik Sik Yuen),嗇色園主辦可藝中學,hongai.edu.hk
Ho Yu College and Primary School (Sponsored by Sik Sik Yuen),嗇色園主辦可譽中學暨可譽小學,hoyu.edu.hk
Hoi Ping Chamber of Commerce Secondary School,旅港開平商會中學,hpccss.edu.hk
Holy Family Canossian College,嘉諾撒聖家書院,hfcc.edu.hk
Holy Trinity College,寶血會上智英文書院,htc.edu.hk
Homantin Government Secondary School,何文田官立中學,hmtgss.edu.hk
Hon Wah College,漢華中學,honwah.edu.hk
Hong Kong Chinese Women's Club College,香港中國婦女會中學,hkcwcc.edu.hk
Hong Kong Red Swastika Society Tai Po Secondary School,香港紅卍字會大埔卍慈中學,hkrsstpss.edu.hk
Hong Kong Sea School,香港航海學校,hkss.edu.hk
Hong Kong Tang King Po College,香港鄧鏡波書院,hktkpc.edu.hk
Hong Kong Taoist Association Tang Hin Memorial Secondary School,香港道教聯合會鄧顯紀念中學,tanghin.edu.hk
Hong Kong Taoist Association The Yuen Yuen Institute No. 2 Secondary Sch.,香港道教聯合會圓玄學院第二中學,yy2.edu.hk
Hong Kong Taoist Association The Yuen Yuen Institute No. 3 Secondary Sch.,香港道教聯合會圓玄學院第三中學,hktayy3.edu.hk
Hong Kong Teachers' Association Lee Heng Kwei Secondary School,香港教師會李興貴中學,hktalhk.edu.hk
Hotung Secondary School,何東中學,hotungss.edu.hk
Immaculate Heart of Mary College,聖母無玷聖心書院,ihmc.edu.hk
Islamic Kasim Tuet Memorial College,伊斯蘭脫維善紀念中學,learn.iktmc.edu.hk
Jockey Club Man Kwan EduYoung College,賽馬會萬鈞毅智書院,jcmkec.edu.hk
Jockey Club Ti-I College,賽馬會體藝中學,tic.edu.hk
Ju Ching Chu Secondary School (Kwai Chung),裘錦秋中學（葵涌）,jccsskc.edu.hk
Ju Ching Chu Secondary School (Tuen Mun),裘錦秋中學（屯門）,jcctm.edu.hk
Ju Ching Chu Secondary School (Yuen Long),裘錦秋中學（元朗）,jccssyl.edu.hk
Kau Yan College,救恩書院,kyc.edu.hk
Kiangsu - Chekiang College (Kwai Chung),葵涌蘇浙公學,kcckc.edu.hk
Kiangsu-Chekiang College,蘇浙公學,m.kcc.edu.hk
Kiangsu-Chekiang College (Shatin),沙田蘇浙公學,kccshatin.edu.hk
King Ling College,景嶺書院,kingling.edu.hk
King's College,英皇書院,kings.edu.hk
Kit Sam Lam Bing Yim Secondary School,潔心林炳炎中學,kitsam.edu.hk
Ko Lui Secondary School,高雷中學,klss.edu.hk
Kowloon Sam Yuk Secondary School,九龍三育中學,ksyss.edu.hk
Kowloon Technical School,九龍工業學校,kts.edu.hk
Kowloon Tong School (Secondary Section),九龍塘學校（中學部）,ktsss.edu.hk
Kowloon True Light School,九龍真光中學,ktls.edu.hk
Kwai Chung Methodist College,葵涌循道中學,kcmc.edu.hk
Kwok Tak Seng Catholic Secondary School,天主教郭得勝中學,ktscss.edu.hk
Kwun Tong Government Secondary School,觀塘官立中學,email.ktgss.edu.hk
Kwun Tong Maryknoll College,觀塘瑪利諾書院,ktmc.edu.hk
La Salle College,喇沙書院,lasalle.edu.hk
Lai Chack Middle School,麗澤中學,lcms.edu.hk
Lai King Catholic Secondary School,荔景天主教中學,lkcss.edu.hk
Lam Tai Fai College,林大輝中學,ltfc.edu.hk
Law Ting Pong Secondary School,羅定邦中學,ltpss.edu.hk
Lee Kau Yan Memorial School,李求恩紀念中學,gs.lkyms.edu.hk
Leung Shek Chee College,梁式芝書院,lscc.edu.hk
Ling Liang Church E Wun Secondary School,靈糧堂怡文中學,llcew.edu.hk
Ling Liang Church M H Lau Secondary School,靈糧堂劉梅軒中學,llcmhlau.edu.hk
Lingnan Dr. Chung Wing Kwong Memorial Secondary School,嶺南鍾榮光博士紀念中學,ldcwkmss.edu.hk
Lingnan Hang Yee Memorial Secondary School,嶺南衡怡紀念中學,lhymss.net
Lingnan Secondary School,嶺南中學,lingnan.edu.hk
Lions Clubs International Tseung Chui King College,獅子會蔣翠琼中學,lcitckc.edu.hk
Liu Po Shan Memorial College,廖寶珊紀念書院,lpsmc.edu.hk
Lock Tao Secondary School,樂道中學,locktao.edu.hk
Lok Sin Tong Ku Chiu Man Secondary School,樂善堂顧超文中學,lstkcmss.edu.hk
Lok Sin Tong Leung Chik Wai Memorial School,樂善堂梁植偉紀念中學,lstlcw.edu.hk
Lok Sin Tong Leung Kau Kui College,樂善堂梁銶琚書院,lstlkkc.edu.hk
Lok Sin Tong Wong Chung Ming Secondary School,樂善堂王仲銘中學,lstwcm.edu.hk
Lok Sin Tong Young Ko Hsiao Lin Secondary School,樂善堂楊葛小琳中學,lstyoungkhl.edu.hk
Lok Sin Tong Yu Kan Hing Secondary School,樂善堂余近卿中學,ykh.edu.hk
Lui Cheung Kwong Lutheran College,路德會呂祥光中學,lck.edu.hk
Lui Ming Choi Lutheran College,路德會呂明才中學,llc.edu.hk
Lung Kong WFSL Lau Wong Fat Secondary School,世界龍岡學校劉皇發中學,lwfss.edu.hk
Ma On Shan Tsung Tsin Secondary School,馬鞍山崇真中學,mosttss.edu.hk
Madam Lau Kam Lung Secondary School of Miu Fat Buddhist Monastery,妙法寺劉金龍中學,lkl.edu.hk
Man Kiu College,閩僑中學,mkc.edu.hk
Man Kwan Pak Kau College,萬鈞伯裘書院,mkpc.edu.hk
Man Kwan QualiEd College,萬鈞匯知中學,mkqc.edu.hk
Maryknoll Convent School (Secondary Section),瑪利諾修院學校（中學部）,mcs.edu.hk
Maryknoll Fathers' School,瑪利諾神父教會學校,mfs.edu.hk
Maryknoll Secondary School,瑪利諾中學,maryknoll.edu.hk
Marymount Secondary School,瑪利曼中學,mss.edu.hk
Methodist College,循道中學,mckln.edu.hk
MKMCF Ma Chan Duen Hey Memorial College,馬錦明慈善基金馬陳端喜紀念中學,mcdhmc.edu.hk
Mu Kuang English School,慕光英文書院,mukuang.edu.hk
Munsang College,民生書院,munsang.edu.hk
Munsang College (Hong Kong Island),港島民生書院,imsc.edu.hk
Nam Wah Catholic Secondary School,天主教南華中學,nwcss.edu.hk
New Asia Middle School,新亞中學,nams.edu.hk
Newman Catholic College,天主教新民書院,newman.edu.hk
Ng Wah Catholic Secondary School,天主教伍華中學,ngwahsec.edu.hk
Ng Yuk Secondary School,五育中學,nyss.edu.hk
Ning Po College,寧波公學,npc.edu.hk
Ning Po No. 2 College,寧波第二中學,np2c.edu.hk
NLSI Lui Kwok Pat Fong College,新生命教育協會呂郭碧鳳中學,lkpfc.edu.hk
NLSI Peace Evangelical Secondary School,新生命教育協會平安福音中學,nlsipess.edu.hk
Notre Dame College,獻主會聖母院書院,ndc.edu.hk
Our Lady of The Rosary College,聖母玫瑰書院,olr.edu.hk
Our Lady's College,聖母書院,olc.edu.hk
PAOC Ka Chi Secondary School,加拿大神召會嘉智中學,kachi.edu.hk
Pentecostal Lam Hon Kwong School,五旬節林漢光中學,lamhonkwong.edu.hk
PHC Wing Kwong College,五旬節聖潔會永光書院,wingkwong.edu.hk
PLK Laws Foundation College,保良局羅氏基金中學,plklfc.edu.hk
PLK Mrs. Ma Kam Ming-Cheung Fook Sien College,保良局馬錦明夫人章馥仙中學,plkcfs.edu.hk
Po Chiu Catholic Secondary School,天主教普照中學,pochiu.edu.hk
Po Kok Secondary School,寶覺中學,pokok.edu.hk
Po Leung Kuk C. W. Chu College,保良局朱敬文中學,plkcwc.edu.hk
Po Leung Kuk Celine Ho Yam Tong College,保良局何蔭棠中學,plkchc.edu.hk
Po Leung Kuk Centenary Li Shiu Chung Memorial College,保良局百周年李兆忠紀念中學,plkc.edu.hk
Po Leung Kuk Ho Yuk Ching (1984) College,保良局甲子何玉清中學,plkhyc1984.edu.hk
Po Leung Kuk Lee Shing Pik College,保良局李城璧中學,plklsp.edu.hk
Po Leung Kuk Lo Kit Sing (1983) College,保良局羅傑承（一九八三）中學,plk83.edu.hk
Po Leung Kuk Ma Kam Ming College,保良局馬錦明中學,plkmkmc.edu.hk
Po Leung Kuk No.1 W.H. Cheung College,保良局第一張永慶中學,plkno1.edu.hk
Po Leung Kuk Tang Yuk Tien College,保良局董玉娣中學,plktytc.edu.hk
Po Leung Kuk Tong Nai Kan Junior Secondary College,保良局唐乃勤初中書院,plktnkjsc.edu.hk
Po Leung Kuk Wu Chung College,保良局胡忠中學,plkwcc.edu.hk
Po Leung Kuk Yao Ling Sun College,保良局姚連生中學,plkylsc.edu.hk
Po On Commercial Association Wong Siu Ching Secondary School,寶安商會王少清中學,pocawsc.edu.hk
POH 80th Anniversary Tang Ying Hei College,博愛醫院八十週年鄧英喜中學,pohtyh.edu.hk
Pok Oi Hospital Tang Pui King Memorial College,博愛醫院鄧佩瓊紀念中學,tpk.edu.hk
Pooi To Middle School,香港培道中學,pooito.edu.hk
Pope Paul VI College,保祿六世書院,ppaulvi.edu.hk
Precious Blood Secondary School,寶血女子中學,pbss.edu.hk
Pui Ching Middle School,香港培正中學,puiching.edu.hk
Pui Kiu Middle School,培僑中學,pkms.edu.hk
Pui Shing Catholic Secondary School,天主教培聖中學,puishing.edu.hk
Pui Tak Canossian College,嘉諾撒培德書院,ptcc.edu.hk
Pui Ying Secondary School,培英中學,puiying.edu.hk
Queen Elizabeth School Old Students' Association Secondary School,伊利沙伯中學舊生會中學,qos.edu.hk
Queen Elizabeth School Old Students' Association Tong Kwok Wah Sec. Sch.,伊利沙伯中學舊生會湯國華中學,qts.edu.hk
Queen's College,皇仁書院,qc.edu.hk
Queen's College Old Boys' Association Secondary School,皇仁舊生會中學,qcobass.edu.hk
Raimondi College,高主教書院,raimondi.edu.hk
Rhenish Church Pang Hok Ko Memorial College,禮賢會彭學高紀念中學,rcphkmc.edu.hk
S.K.H. All Saints' Middle School,聖公會諸聖中學,skhasms.edu.hk
S.K.H. Bishop Baker Secondary School,聖公會白約翰會督中學,skhbbss.edu.hk
S.K.H. Chan Young Secondary School,聖公會陳融中學,skhcyss.edu.hk
S.K.H. Holy Trinity Church Secondary School,聖公會聖三一堂中學,skhhtcss.edu.hk
S.K.H. Kei Hau Secondary School,聖公會基孝中學,keihau.edu.hk
S.K.H. Lam Kau Mow Secondary School,聖公會林裘謀中學,skhlkmss.edu.hk
S.K.H. Lam Woo Memorial Secondary School,聖公會林護紀念中學,lamwoo.edu.hk
S.K.H. Leung Kwai Yee Secondary School,聖公會梁季彜中學,skhlkyss.edu.hk
S.K.H. Li Ping Secondary School,聖公會李炳中學,liping.edu.hk
S.K.H. Lui Ming Choi Secondary School,聖公會呂明才中學,skhlmc.edu.hk
S.K.H. St. Benedict's School,聖公會聖本德中學,skhsbs.edu.hk
S.K.H. St. Mary's Church Mok Hing Yiu College,聖公會聖馬利亞堂莫慶堯中學,smcc.edu.hk
S.K.H. St. Simon's Lui Ming Choi Secondary School,聖公會聖西門呂明才中學,skhsslmc.edu.hk
S.K.H. Tang Shiu Kin Secondary School,聖公會鄧肇堅中學,tsk.edu.hk
S.K.H. Tsang Shiu Tim Secondary School,聖公會曾肇添中學,skhtst.edu.hk
Sacred Heart Canossian College,嘉諾撒聖心書院,shcc.edu.hk
SALEM-Immanuel Lutheran College,南亞路德會沐恩中學,ilc.edu.hk
Salesian English School,慈幼英文學校,ssshk.edu.hk
Salesians of Don Bosco Ng Siu Mui Secondary School,天主教慈幼會伍少梅中學,sdbnsm.edu.hk
San Wui Commercial Soc. Chan Pak Sha School,新會商會陳白沙紀念中學,cpss.edu.hk
San Wui Commercial Society Secondary School,新會商會中學,swcs.edu.hk
Scientia Secondary School,創知中學,scientia.edu.hk
Semple Memorial Secondary School,深培中學,semple.edu.hk
Sha Tin Government Secondary School,沙田官立中學,stgss.edu.hk
Sha Tin Methodist College,沙田循道衞理中學,stmc.edu.hk
Shatin Pui Ying College,沙田培英中學,pyc.edu.hk
Shatin Tsung Tsin Secondary School,沙田崇真中學,sttss.edu.hk
Shau Kei Wan East Government Secondary School,筲箕灣東官立中學,365.skwegss.edu.hk
Shek Lei Catholic Secondary School,石籬天主教中學,slc.edu.hk
Shun Lee Catholic Secondary School,順利天主教中學,slcss.edu.hk
Shun Tak Fraternal Association Cheng Yu Tung Secondary School,順德聯誼總會鄭裕彤中學,cyt.edu.hk
Shun Tak Fraternal Association Lee Shau Kee College,順德聯誼總會李兆基中學,lskc.edu.hk
Shun Tak Fraternal Association Leung Kau Kui College,順德聯誼總會梁銶琚中學,lkkc.edu.hk
Shun Tak Fraternal Association Tam Pak Yu College,順德聯誼總會譚伯羽中學,tpyc.edu.hk
Shun Tak Fraternal Association Yung Yau College,順德聯誼總會翁祐中學,stfa-yyc.edu.hk
Shung Tak Catholic English College,天主教崇德英文書院,stc.edu.hk
Sing Yin Secondary School,聖言中學,singyin.edu.hk
SKH Bishop Mok Sau Tseng Secondary School,聖公會莫壽增會督中學,mst.edu.hk
SKH Holy Carpenter Secondary School,聖公會聖匠中學,hcs.edu.hk
SKH Li Fook Hing Secondary School,聖公會李福慶中學,lfh.edu.hk
SKH Tsoi Kung Po Secondary School,聖公會蔡功譜中學,tkp.edu.hk
SPHRC Kung Yik She Secondary School,十八鄉鄉事委員會公益社中學,sphrc.edu.hk
St. Antonius Girls' College,聖安當女書院,sagc.edu.hk
St. Bonaventure College & High School,聖文德書院,sbc.edu.hk
St. Catharine's School for Girls,聖傑靈女子中學,scsg.edu.hk
St. Clare's Girls' School,聖嘉勒女書院,stclare.hk
St. Francis of Assisi's College,聖芳濟各書院,sfac.edu.hk
St. Francis Xavier's College,聖芳濟書院,sfxc.edu.hk
St. Francis Xavier's School Tsuen Wan,荃灣聖芳濟中學,sfxs.edu.hk
St. Francis' Canossian College,嘉諾撒聖方濟各書院,sfcc.edu.hk
St. Joan of Arc Secondary School,聖貞德中學,sja.edu.hk
St. Joseph's Anglo-Chinese School,聖若瑟英文中學,sjacs.edu.hk
St. Joseph's College,聖若瑟書院,sjc.edu.hk
St. Louis School,聖類斯中學,stlouis.edu.hk
St. Margaret's Co-Educational English Secondary and Primary School,聖瑪加利男女英文中小學,smcesps.edu.hk
St. Mark's School,聖馬可中學,stmarks.edu.hk
St. Mary's Canossian College,嘉諾撒聖瑪利書院,smcc.hk
St. Paul's College,聖保羅書院,std.stpaulscollege.edu.hk
St. Paul's School (Lam Tin),藍田聖保祿中學,spslt.edu.hk
St. Paul's Secondary School,聖保祿中學,spss.edu.hk
St. Peter's Secondary School,聖伯多祿中學,stpeter.edu.hk
St. Rose of Lima's College,聖羅撒書院,hksrl.edu.hk
St. Stephen's Church College,聖士提反堂中學,sscc.edu.hk
St. Stephen's Girls' College,聖士提反女子中學,ssgc.edu.hk
St. Teresa Secondary School,德蘭中學,stteresa.edu.hk
Stewards MKMCF Ma Ko Pan Memorial College,馬錦明慈善基金馬可賓紀念中學,makopan.edu.hk
Stewards Pooi Tun Secondary School,香港神託會培敦中學,pooitun.edu.hk
STFA Seaward Woo College,順德聯誼總會胡兆熾中學,stfaswc.edu.hk
Tack Ching Girls' Secondary School,德貞女子中學,tackching.edu.hk
Tai Po Sam Yuk Secondary School,大埔三育中學,tpsy.edu.hk
Tak Nga Secondary School,德雅中學,taknga.edu.hk
Tak Oi Secondary School,德愛中學,takoi.edu.hk
Tak Sun Secondary School,德信中學,tsss.edu.hk
Tang King Po School,鄧鏡波學校,tangkingpo.edu.hk
The Chinese Foundation Secondary School,中華基金中學,cfss.edu.hk
The Hong Kong Management Association K. S. Lo College,香港管理專業協會羅桂祥中學,hkmakslo.edu.hk
The Hong Kong Taoist Association Ching Chung Secondary School,香港道教聯合會青松中學,ccss.edu.hk
The Methodist Church HK Wesley College,衞理中學,mcw.edu.hk
The Methodist Lee Wai Lee College,李惠利中學,lwlc.edu.hk
The Mission Covenant Church Holm Glad College,基督教聖約教會堅樂中學,holmglad.edu.hk
The True Light School of Hong Kong,香港真光中學,tlmshk.edu.hk
The Y.W.C.A. Hioe Tjo Yoeng College,基督教女青年會丘佐榮中學,htyc.edu.hk
The Yuen Yuen Institute MFBM Nei Ming Chan Lui Chung Tak Mem. College,圓玄學院妙法寺內明陳呂重德紀念中學,clctmc.edu.hk
TIACC Woo Hon Fai Secondary School,紡織學會美國商會胡漢輝中學,tiaccwhf.edu.hk
Tin Ka Ping Secondary School,田家炳中學,web.tkpss.edu.hk
Tin Shui Wai Methodist College,天水圍循道衞理中學,tswmc.edu.hk
Toi Shan Association College,台山商會中學,tsac.edu.hk
Toi Shan Association College,台山商會中學,go.tsac.edu.hk
True Light Girls' College,真光女書院,tlgc.edu.hk
Tsang Pik Shan (Sung Lan) Secondary School,曾璧山（崇蘭）中學,tpsslss.edu.hk
Tseung Kwan O Government Secondary School,將軍澳官立中學,tkogss.edu.hk
Tsuen Wan Public Ho Chuen Yiu Memorial College,荃灣公立何傳耀紀念中學,twphcymc.edu.hk
Tsung Tsin College,崇真書院,ttc.edu.hk
Tuen Mun Catholic Secondary School,屯門天主教中學,home.tmcss.edu.hk
Tuen Mun Government Secondary School,屯門官立中學,mail.tmgss.edu.hk
Tung Chung Catholic School,東涌天主教學校,tccs.edu.hk
TWGHs C.Y. Ma Memorial College,東華三院馬振玉紀念中學,cyma.edu.hk
TWGHs Chang Ming Thien College,東華三院張明添中學,twghcmts.edu.hk
TWGHs Chen Zao Men College,東華三院陳兆民中學,twghczm.edu.hk
TWGHs Kap Yan Directors' College,東華三院甲寅年總理中學,twghkyds.edu.hk
TWGHs Kwok Yat Wai College,東華三院郭一葦中學,twghkywc.edu.hk
TWGHs Lee Ching Dea Memorial College,東華三院李潤田紀念中學,lcdmc.edu.hk
TWGHs Mr & Mrs Kwong Sik Kwan College,東華三院鄺錫坤伉儷中學,twghsksk.edu.hk
TWGHs Mrs. Fung Wong Fung Ting College,東華三院馮黃鳳亭中學,mail.twghfwfts.edu.hk
TWGHs S. C. Gaw Memorial College,東華三院吳祥川紀念中學,twghscgms.edu.hk
TWGHs Sun Hoi Directors' College,東華三院辛亥年總理中學,shd.edu.hk
TWGHs Wong Fung Ling College,東華三院黃鳳翎中學,twghwflc.edu.hk
TWGHs Yau Tze Tin Memorial College,東華三院邱子田紀念中學,ytt.edu.hk
United Christian College,滙基書院,ucc.edu.hk
Valtorta College,恩主教書院,valtorta.edu.hk
Wa Ying College,華英中學,waying.edu.hk
Wah Yan College Hong Kong,香港華仁書院,wahyan.edu.hk
"Wah Yan College, Kowloon",華仁書院（九龍）,wyk.edu.hk
Wai Kiu College,惠僑英文中學,wkc.edu.hk
WEO Chang Pui Chung Memorial School,威靈頓教育機構張沛松紀念中學,cpc.edu.hk
Wong Shiu Chi Secondary School,王肇枝中學,wscss.edu.hk
Yan Chai Hospital Lan Chi Pat Memorial Secondary School,仁濟醫院靚次伯紀念中學,lcp.mysch.net
Yan Chai Hospital Law Chan Chor Si College,仁濟醫院羅陳楚思中學,ychlccsc.edu.hk
Yan Chai Hospital No. 2 Secondary School,仁濟醫院第二中學,ych2ss.edu.hk
Yan Chai Hospital Tung Chi Ying Memorial Secondary School,仁濟醫院董之英紀念中學,ychtcy.edu.hk
Yan Chai Hospital Wong Wha San Secondary School,仁濟醫院王華湘中學,ychwwsss.edu.hk
Yan Oi Tong Chan Wong Suk Fong Memorial Secondary School,仁愛堂陳黃淑芳紀念中學,yotcwsf.edu.hk
Yan Oi Tong Tin Ka Ping Secondary School,仁愛堂田家炳中學,yottkp.edu.hk
YCH Lim Por Yen Secondary School,仁濟醫院林百欣中學,ychlpyss.edu.hk
Ying Wa College,英華書院,yingwa.edu.hk
Ying Wa Girls' School,英華女學校,ywgs.edu.hk
YLPMSAA Tang Siu Tong Secondary School,元朗公立中學校友會鄧兆棠中學,tstss.edu.hk
YLPMSAA Tang Siu Tong Secondary School,元朗公立中學校友會鄧兆棠中學,student.tstss.edu.hk
YPI & CA Lee Lim Ming College,恩平工商會李琳明中學,ypicallmc.edu.hk
Yu Chun Keung Memorial College,余振強紀念中學,yckmc.edu.hk
Yu Chun Keung Memorial College No. 2,余振強紀念第二中學,yck2.edu.hk
Yuen Long Catholic Secondary School,元朗天主教中學,ylcss.edu.hk
Yuen Long Merchants Association Secondary School,元朗商會中學,ylmass.edu.hk
